metric,value
accuracy_mean,0.9225806451612902
accuracy_std,0.032896900087695385
f1_mean,0.8493697478991595
f1_std,0.06275009984065368
roc_auc_mean,0.9508281573498965
roc_auc_std,0.03039849387954257
n_rows,155.0
n_positive,39.0
