metric,value
accuracy_mean,0.8129032258064516
accuracy_std,0.06888437581955684
f1_mean,0.5272227772227772
f1_std,0.22636985694306347
roc_auc_mean,0.8158902691511388
roc_auc_std,0.09919736809348662
n_rows,155.0
n_positive,39.0
