metric,value
accuracy_mean,0.8275862068965516
accuracy_std,0.030842316931031545
f1_mean,0.5767099567099567
f1_std,0.05572045765132673
roc_auc_mean,0.8532467532467534
roc_auc_std,0.0865708869571315
n_rows,145.0
