metric,bacterial_n,fungal_n,bacterial_mean,fungal_mean,bacterial_median,fungal_median,mannwhitney_u,p_value
vina_xylobiose_score,80,65,-5.764312500000001,-5.9042615384615384,-5.88,-5.926,2901.5,0.2314256539205557
vina_xylotriose_score,80,65,-7.528125,-7.624707692307693,-7.588,-7.665,2741.5,0.5750880088783578
docking_score_mean_norm,80,65,0.6138613272016645,0.6432332221453484,0.6220853445186856,0.6452046817082755,2432.0,0.5054570648152606
