,hbond_proxy,salt_bridge_proxy,disulfide_count,vina_xylobiose_score,vina_xylotriose_score,docking_score_mean_norm
hbond_proxy,1.0,0.9400788337944694,,-0.051117754964259444,-0.06478958343817692,0.08654003231944465
salt_bridge_proxy,0.9400788337944694,1.0,,-0.020611545767814408,-0.06042291625284172,0.0679978468063446
disulfide_count,,,,,,
vina_xylobiose_score,-0.051117754964259444,-0.020611545767814408,,1.0,0.5963349791067415,-0.8724400925482741
vina_xylotriose_score,-0.06478958343817692,-0.06042291625284172,,0.5963349791067415,1.0,-0.9018704786799617
docking_score_mean_norm,0.08654003231944465,0.0679978468063446,,-0.8724400925482741,-0.9018704786799617,1.0
